Id,ActivityDate,TotalSleepRecords,TotalMinutesAsleep,TotalTimeInBed
1503960366,2016-03-13,1,411,426
1503960366,2016-03-14,1,354,386
1503960366,2016-03-15,1,312,335
1503960366,2016-03-16,2,333,366
1503960366,2016-03-17,1,402,437
1503960366,2016-03-18,1,379,411
1503960366,2016-03-19,1,447,468
1503960366,2016-03-20,1,469,476
1503960366,2016-03-21,1,390,427
1503960366,2016-03-23,1,281,297
1503960366,2016-03-24,1,303,344
1503960366,2016-03-25,1,351,386
1503960366,2016-03-26,2,437,472
1503960366,2016-03-27,3,483,506
1503960366,2016-03-28,1,73,77
1503960366,2016-03-29,1,349,378
1503960366,2016-03-31,1,308,336
1503960366,2016-04-01,1,283,306
1503960366,2016-04-02,1,439,509
1503960366,2016-04-03,1,379,426
1503960366,2016-04-04,1,294,337
1503960366,2016-04-05,1,280,309
1503960366,2016-04-09,1,380,407
1503960366,2016-04-10,1,455,478
1503960366,2016-04-11,1,310,329
1644430081,2016-03-27,1,373,495
1644430081,2016-03-28,1,466,466
1644430081,2016-03-29,1,56,121
1644430081,2016-03-30,1,538,840
1844505072,2016-04-03,1,169,190
1844505072,2016-04-04,1,771,771
1844505072,2016-04-09,1,221,636
1844505072,2016-04-10,1,277,325
1927972279,2016-03-11,1,29,36
1927972279,2016-03-12,3,608,628
1927972279,2016-03-13,3,505,516
1927972279,2016-03-14,2,173,179
1927972279,2016-03-15,1,68,68
1927972279,2016-03-16,3,599,645
1927972279,2016-03-17,1,6,6
1927972279,2016-03-18,3,523,553
1927972279,2016-03-19,3,583,611
1927972279,2016-03-20,3,548,576
1927972279,2016-03-21,1,334,352
1927972279,2016-03-22,1,379,394
1927972279,2016-03-23,2,447,474
1927972279,2016-03-24,2,428,437
1927972279,2016-03-25,1,60,63
1927972279,2016-03-26,1,387,406
1927972279,2016-03-27,1,112,120
1927972279,2016-03-28,2,219,230
1927972279,2016-03-29,2,563,588
1927972279,2016-03-30,2,401,404
1927972279,2016-03-31,3,493,520
1927972279,2016-04-01,1,369,383
1927972279,2016-04-02,1,280,315
1927972279,2016-04-03,1,107,111
1927972279,2016-04-04,2,465,483
1927972279,2016-04-05,1,393,420
1927972279,2016-04-06,1,414,429
1927972279,2016-04-09,1,39,47
1927972279,2016-04-10,3,479,496
1927972279,2016-04-11,2,496,525
1927972279,2016-04-12,2,482,498
2022484408,2016-03-13,1,135,144
2026352035,2016-03-11,1,126,149
2026352035,2016-03-12,2,540,572
2026352035,2016-03-13,2,648,671
2026352035,2016-03-14,2,510,538
2026352035,2016-03-15,2,422,436
2026352035,2016-03-16,1,144,163
2026352035,2016-03-17,2,479,510
2026352035,2016-03-18,2,575,611
2026352035,2016-03-19,2,515,550
2026352035,2016-03-20,2,545,588
2026352035,2016-03-21,2,567,604
2026352035,2016-03-22,2,520,545
2026352035,2016-03-23,2,562,600
2026352035,2016-03-24,2,531,567
2026352035,2016-03-25,2,495,526
2026352035,2016-03-26,2,579,621
2026352035,2016-03-27,2,545,581
2026352035,2016-03-28,2,510,539
2026352035,2016-03-29,2,482,521
2026352035,2016-03-30,2,468,520
2026352035,2016-03-31,2,524,555
2026352035,2016-04-01,2,514,544
2026352035,2016-04-02,2,528,575
2026352035,2016-04-03,2,534,605
2026352035,2016-04-04,2,493,533
2026352035,2016-04-05,2,531,571
2026352035,2016-04-06,2,465,517
2026352035,2016-04-07,2,540,597
2026352035,2016-04-08,2,521,548
2026352035,2016-04-09,2,490,555
2026352035,2016-04-10,2,504,556
2026352035,2016-04-11,2,541,582
2026352035,2016-04-12,1,341,354
2347167796,2016-03-11,1,14,17
2347167796,2016-03-12,2,474,499
2347167796,2016-03-13,2,577,620
2347167796,2016-03-14,2,432,468
2347167796,2016-03-15,2,501,565
2347167796,2016-03-16,3,446,475
2347167796,2016-03-17,1,383,413
2347167796,2016-03-18,2,435,536
2347167796,2016-03-19,2,250,261
2347167796,2016-03-20,2,529,585
2347167796,2016-03-21,2,452,484
2347167796,2016-03-22,2,488,523
2347167796,2016-03-23,2,449,493
2347167796,2016-03-24,2,435,491
2347167796,2016-03-25,1,313,350
2347167796,2016-03-27,1,107,144
2347167796,2016-03-28,2,516,560
2347167796,2016-03-29,2,422,472
2347167796,2016-03-30,2,472,514
2347167796,2016-03-31,2,517,577
2347167796,2016-04-01,1,374,391
2347167796,2016-04-02,2,417,463
2347167796,2016-04-03,2,579,625
2347167796,2016-04-04,2,472,525
2347167796,2016-04-05,2,395,448
2347167796,2016-04-06,1,372,425
2347167796,2016-04-07,1,70,76
2347167796,2016-04-08,1,380,405
2347167796,2016-04-09,1,18,21
2347167796,2016-04-10,2,601,659
2347167796,2016-04-11,1,353,399
3977333714,2016-03-13,1,304,475
3977333714,2016-03-14,2,303,421
3977333714,2016-03-15,2,257,387
3977333714,2016-03-16,2,208,321
3977333714,2016-03-17,1,356,481
3977333714,2016-04-01,1,297,430
3977333714,2016-04-02,1,199,290
3977333714,2016-04-03,1,222,359
3977333714,2016-04-04,1,205,374
3977333714,2016-04-05,1,378,486
3977333714,2016-04-06,1,296,426
3977333714,2016-04-07,1,221,405
3977333714,2016-04-08,1,305,480
3977333714,2016-04-09,1,273,418
3977333714,2016-04-10,1,293,452
3977333714,2016-04-11,1,282,415
4020332650,2016-03-12,2,384,429
4020332650,2016-03-13,2,505,533
4020332650,2016-03-14,1,265,290
4020332650,2016-03-15,1,331,341
4020332650,2016-03-16,1,459,493
4020332650,2016-03-17,1,374,407
4020332650,2016-03-30,2,366,387
4020332650,2016-03-31,1,259,268
4020332650,2016-04-01,3,429,450
4020332650,2016-04-02,2,499,508
4020332650,2016-04-03,2,387,399
4020332650,2016-04-04,1,463,478
4020332650,2016-04-06,1,245,257
4020332650,2016-04-10,1,74,74
4020332650,2016-04-11,2,426,438
4319703577,2016-03-11,1,78,90
4319703577,2016-03-12,2,503,517
4319703577,2016-03-13,1,364,376
4319703577,2016-03-14,1,94,100
4319703577,2016-03-15,2,458,490
4319703577,2016-03-16,2,496,531
4319703577,2016-03-17,2,495,529
4319703577,2016-03-18,2,481,503
4319703577,2016-03-19,2,473,505
4319703577,2016-03-20,2,450,488
4319703577,2016-03-21,1,428,466
4319703577,2016-03-22,1,63,64
4319703577,2016-03-23,2,490,510
4319703577,2016-03-24,2,412,429
4319703577,2016-03-25,2,519,558
4319703577,2016-03-26,1,489,517
4319703577,2016-03-27,2,583,613
4319703577,2016-03-28,2,498,525
4319703577,2016-03-29,3,514,547
4319703577,2016-03-30,1,454,478
4319703577,2016-03-31,1,38,47
4319703577,2016-04-01,3,466,484
4319703577,2016-04-02,2,529,543
4319703577,2016-04-03,2,568,583
4319703577,2016-04-04,2,473,505
4319703577,2016-04-05,2,507,544
4319703577,2016-04-06,3,901,959
4319703577,2016-04-07,1,433,450
4445114986,2016-03-12,2,361,381
4445114986,2016-03-13,1,348,353
4445114986,2016-03-15,2,487,560
4445114986,2016-03-16,3,388,418
4445114986,2016-03-17,1,217,231
4445114986,2016-03-19,1,137,156
4445114986,2016-03-20,2,539,552
4445114986,2016-03-21,1,195,209
4445114986,2016-03-22,2,344,360
4445114986,2016-03-24,2,380,405
4445114986,2016-03-25,2,325,344
4445114986,2016-03-26,1,156,166
4445114986,2016-03-27,1,318,325
4445114986,2016-03-28,2,359,376
4445114986,2016-03-29,2,442,478
4445114986,2016-03-31,2,360,416
4445114986,2016-04-01,1,311,337
4445114986,2016-04-02,1,469,495
4445114986,2016-04-05,1,465,496
4445114986,2016-04-06,1,431,450
4445114986,2016-04-07,1,262,268
4445114986,2016-04-08,2,219,233
4445114986,2016-04-09,3,391,443
4445114986,2016-04-10,2,347,369
4445114986,2016-04-11,2,395,428
4445114986,2016-04-12,1,308,332
4558609924,2016-03-30,2,96,101
4558609924,2016-03-31,1,190,191
4558609924,2016-04-02,1,86,87
4558609924,2016-04-03,1,274,277
4702921684,2016-03-11,1,119,124
4702921684,2016-03-12,2,454,478
4702921684,2016-03-13,2,281,288
4702921684,2016-03-14,2,437,457
4702921684,2016-03-15,2,453,467
4702921684,2016-03-16,2,461,488
4702921684,2016-03-17,2,446,464
4702921684,2016-03-18,1,345,364
4702921684,2016-03-21,1,99,102
4702921684,2016-03-22,2,428,458
4702921684,2016-03-23,2,429,466
4702921684,2016-03-24,2,428,460
4702921684,2016-03-25,2,458,487
4702921684,2016-03-26,2,404,418
4702921684,2016-03-27,4,563,598
4702921684,2016-03-28,2,419,426
4702921684,2016-03-29,2,413,430
4702921684,2016-03-30,2,421,455
4702921684,2016-03-31,2,420,425
4702921684,2016-04-01,2,454,475
4702921684,2016-04-02,2,538,566
4702921684,2016-04-03,2,558,586
4702921684,2016-04-04,2,419,444
4702921684,2016-04-05,2,404,440
4702921684,2016-04-06,2,454,475
4702921684,2016-04-07,2,448,460
4702921684,2016-04-08,1,345,370
4702921684,2016-04-09,2,425,588
4702921684,2016-04-10,3,533,555
4702921684,2016-04-11,2,329,334
5553957443,2016-03-12,3,707,760
5553957443,2016-03-13,3,756,833
5553957443,2016-03-14,2,273,313
5553957443,2016-03-15,2,378,429
5553957443,2016-03-16,1,319,365
5553957443,2016-03-17,2,311,336
5553957443,2016-03-18,1,105,115
5553957443,2016-03-21,1,144,154
5553957443,2016-03-22,1,526,575
5553957443,2016-03-23,1,249,297
5553957443,2016-03-24,1,364,418
5553957443,2016-03-25,1,607,675
5553957443,2016-03-26,3,348,377
5553957443,2016-03-27,4,665,752
5553957443,2016-03-28,2,613,688
5553957443,2016-03-29,1,314,358
5553957443,2016-03-30,2,360,407
5553957443,2016-03-31,2,351,395
5553957443,2016-04-01,1,337,360
5553957443,2016-04-02,2,791,903
5553957443,2016-04-03,2,742,840
5553957443,2016-04-04,2,413,453
5553957443,2016-04-05,2,340,383
5553957443,2016-04-06,2,385,405
5553957443,2016-04-07,2,338,376
5553957443,2016-04-08,1,379,417
5553957443,2016-04-09,2,619,686
5553957443,2016-04-10,2,629,709
5553957443,2016-04-11,2,428,459
5553957443,2016-04-12,1,346,364
5577150313,2016-03-11,1,156,161
5577150313,2016-03-12,3,523,562
5577150313,2016-03-13,2,419,444
5577150313,2016-03-14,2,364,373
5577150313,2016-03-15,3,470,503
5577150313,2016-03-16,3,446,466
5577150313,2016-03-17,2,432,457
5577150313,2016-03-18,2,421,438
5577150313,2016-03-19,3,366,382
5577150313,2016-03-20,3,619,655
5577150313,2016-03-21,1,387,415
5577150313,2016-03-22,1,99,109
5577150313,2016-03-23,3,511,561
5577150313,2016-03-24,2,390,414
5577150313,2016-03-25,3,430,441
5577150313,2016-03-26,3,438,471
5577150313,2016-03-27,2,330,346
5577150313,2016-03-28,3,484,517
5577150313,2016-03-29,2,451,478
5577150313,2016-03-30,3,432,449
5577150313,2016-03-31,2,426,456
5577150313,2016-04-01,2,435,447
5577150313,2016-04-02,3,355,385
5577150313,2016-04-03,2,389,415
5577150313,2016-04-04,2,435,458
5577150313,2016-04-05,3,390,414
5577150313,2016-04-06,2,393,420
5577150313,2016-04-07,2,454,496
5577150313,2016-04-08,2,451,461
5577150313,2016-04-09,4,499,516
5577150313,2016-04-10,2,412,442
5577150313,2016-04-11,1,312,333
6117666160,2016-03-11,1,78,78
6117666160,2016-03-12,3,644,668
6117666160,2016-03-13,1,117,120
6117666160,2016-03-14,2,626,670
6117666160,2016-03-15,2,482,501
6117666160,2016-03-16,6,606,655
6117666160,2016-03-17,2,638,653
6117666160,2016-03-18,3,598,654
6117666160,2016-03-19,4,611,644
6117666160,2016-03-20,2,535,551
6117666160,2016-03-21,2,493,509
6117666160,2016-03-22,1,376,404
6117666160,2016-03-23,3,484,542
6117666160,2016-03-24,3,699,790
6117666160,2016-03-25,1,510,523
6117666160,2016-03-26,3,436,467
6117666160,2016-03-27,2,496,515
6117666160,2016-03-28,1,21,33
6117666160,2016-03-29,2,556,573
6117666160,2016-03-30,2,101,106
6117666160,2016-03-31,3,589,609
6117666160,2016-04-01,3,558,586
6117666160,2016-04-02,1,454,466
6117666160,2016-04-05,2,61,66
6117666160,2016-04-06,2,523,561
6117666160,2016-04-07,1,499,514
6117666160,2016-04-09,3,435,467
6775888955,2016-03-11,1,66,75
6775888955,2016-03-12,1,421,438
6775888955,2016-03-13,1,37,39
6775888955,2016-03-14,1,590,643
6775888955,2016-03-15,1,119,122
6775888955,2016-03-18,1,278,300
6775888955,2016-03-19,1,387,403
6775888955,2016-03-21,1,364,405
6775888955,2016-03-25,1,36,69
6775888955,2016-03-26,1,332,359
6775888955,2016-03-27,1,363,407
6775888955,2016-03-28,3,454,504
6775888955,2016-03-31,1,290,307
6775888955,2016-04-01,1,10,13
6775888955,2016-04-02,1,429,452
6775888955,2016-04-06,2,441,467
6775888955,2016-04-07,3,275,291
6962181067,2016-03-11,1,23,31
6962181067,2016-03-12,2,522,533
6962181067,2016-03-13,2,483,497
6962181067,2016-03-14,2,431,461
6962181067,2016-03-15,2,360,389
6962181067,2016-03-16,1,329,354
6962181067,2016-03-17,2,381,395
6962181067,2016-03-18,1,421,454
6962181067,2016-03-19,2,487,499
6962181067,2016-03-20,2,449,467
6962181067,2016-03-21,1,427,434
6962181067,2016-03-22,3,537,550
6962181067,2016-03-23,2,563,568
6962181067,2016-03-24,2,461,474
6962181067,2016-03-25,1,503,528
6962181067,2016-03-26,1,476,487
6962181067,2016-03-27,2,516,552
6962181067,2016-03-28,3,515,538
6962181067,2016-03-29,1,397,399
6962181067,2016-03-30,2,418,432
6962181067,2016-03-31,3,509,529
6962181067,2016-04-01,1,527,532
6962181067,2016-04-02,1,399,415
6962181067,2016-04-03,2,537,568
6962181067,2016-04-04,1,363,399
6962181067,2016-04-05,2,358,406
6962181067,2016-04-06,2,474,502
6962181067,2016-04-07,2,423,430
6962181067,2016-04-08,1,402,403
6962181067,2016-04-09,2,434,455
6962181067,2016-04-10,2,414,429
6962181067,2016-04-11,1,393,406
6962181067,2016-04-12,1,366,387
7007744171,2016-03-14,1,87,88
7007744171,2016-03-24,1,62,67
7007744171,2016-03-26,1,57,64
7007744171,2016-03-30,1,63,64
7007744171,2016-04-02,1,56,69
7007744171,2016-04-03,1,70,73
7007744171,2016-04-05,1,66,70
7007744171,2016-04-07,1,63,66
7086361926,2016-03-12,2,557,567
7086361926,2016-03-13,1,20,23
7086361926,2016-03-14,2,414,428
7086361926,2016-03-15,1,392,399
7086361926,2016-03-16,2,404,412
7086361926,2016-03-17,1,396,415
7086361926,2016-03-20,1,460,466
7086361926,2016-03-21,1,521,535
7086361926,2016-03-23,1,440,459
7086361926,2016-03-25,1,281,288
7086361926,2016-03-26,1,311,329
7086361926,2016-03-27,1,68,69
7086361926,2016-03-28,1,228,238
7086361926,2016-03-29,2,470,522
7086361926,2016-03-30,3,615,658
7086361926,2016-03-31,3,635,662
7086361926,2016-04-01,2,410,441
7086361926,2016-04-02,1,552,566
7086361926,2016-04-05,1,89,91
7086361926,2016-04-06,2,454,469
7086361926,2016-04-07,2,503,512
7086361926,2016-04-08,1,389,405
7086361926,2016-04-09,1,466,487
7086361926,2016-04-10,1,36,45
7086361926,2016-04-11,2,497,505
7086361926,2016-04-12,1,410,416
8053475328,2016-03-29,1,498,501
8378563200,2016-03-11,1,110,112
8378563200,2016-03-12,3,577,672
8378563200,2016-03-13,3,521,560
8378563200,2016-03-14,2,331,365
8378563200,2016-03-15,2,349,377
8378563200,2016-03-16,1,382,404
8378563200,2016-03-17,2,390,422
8378563200,2016-03-18,3,561,599
8378563200,2016-03-19,2,489,516
8378563200,2016-03-20,1,443,473
8378563200,2016-03-21,2,416,441
8378563200,2016-03-22,3,445,477
8378563200,2016-03-23,2,356,382
8378563200,2016-03-24,2,420,451
8378563200,2016-03-25,2,271,278
8378563200,2016-03-26,4,615,681
8378563200,2016-03-27,2,568,593
8378563200,2016-03-28,2,434,455
8378563200,2016-03-29,2,321,349
8378563200,2016-03-30,3,563,606
8378563200,2016-03-31,3,428,458
8378563200,2016-04-01,3,408,432
8378563200,2016-04-02,4,582,639
8378563200,2016-04-03,2,529,558
8378563200,2016-04-04,2,417,441
8378563200,2016-04-05,3,414,437
8378563200,2016-04-06,3,403,421
8378563200,2016-04-07,4,458,495
8378563200,2016-04-08,2,302,323
8378563200,2016-04-09,3,405,487
8378563200,2016-04-10,3,568,596
8378563200,2016-04-11,2,330,356
8378563200,2016-04-12,1,247,255
8792009665,2016-03-27,1,391,420
8792009665,2016-03-28,1,389,407
8792009665,2016-03-29,1,196,205
8792009665,2016-03-30,2,442,459
8792009665,2016-04-01,2,480,504
8792009665,2016-04-03,1,479,517
8792009665,2016-04-04,2,566,595
8792009665,2016-04-05,1,384,414
8792009665,2016-04-06,1,427,463
8792009665,2016-04-07,1,446,475
8792009665,2016-04-08,2,424,447
8792009665,2016-04-09,3,601,638
1503960366,2016-04-12,1,327,346
1503960366,2016-04-13,2,384,407
1503960366,2016-04-15,1,412,442
1503960366,2016-04-16,2,340,367
1503960366,2016-04-17,1,700,712
1503960366,2016-04-19,1,304,320
1503960366,2016-04-20,1,360,377
1503960366,2016-04-21,1,325,364
1503960366,2016-04-23,1,361,384
1503960366,2016-04-24,1,430,449
1503960366,2016-04-25,1,277,323
1503960366,2016-04-26,1,245,274
1503960366,2016-04-28,1,366,393
1503960366,2016-04-29,1,341,354
1503960366,2016-04-30,1,404,425
1503960366,2016-05-01,1,369,396
1503960366,2016-05-02,1,277,309
1503960366,2016-05-03,1,273,296
1503960366,2016-05-05,1,247,264
1503960366,2016-05-06,1,334,367
1503960366,2016-05-07,1,331,349
1503960366,2016-05-08,1,594,611
1503960366,2016-05-09,1,338,342
1503960366,2016-05-10,1,383,403
1503960366,2016-05-11,1,285,306
1644430081,2016-04-29,1,119,127
1644430081,2016-04-30,1,124,142
1644430081,2016-05-02,1,796,961
1644430081,2016-05-08,1,137,154
1844505072,2016-04-15,1,644,961
1844505072,2016-04-30,1,722,961
1844505072,2016-05-01,1,590,961
1927972279,2016-04-12,3,750,775
1927972279,2016-04-13,1,398,422
1927972279,2016-04-15,2,475,499
1927972279,2016-04-26,1,296,315
1927972279,2016-04-28,1,166,178
2026352035,2016-04-12,1,503,546
2026352035,2016-04-13,1,531,565
2026352035,2016-04-14,1,545,568
2026352035,2016-04-15,1,523,573
2026352035,2016-04-16,1,524,567
2026352035,2016-04-17,1,437,498
2026352035,2016-04-19,1,498,540
2026352035,2016-04-20,1,461,510
2026352035,2016-04-21,1,477,514
2026352035,2016-04-22,1,520,545
2026352035,2016-04-23,1,522,554
2026352035,2016-04-24,1,555,591
2026352035,2016-04-25,1,506,531
2026352035,2016-04-27,1,508,545
2026352035,2016-04-28,1,513,545
2026352035,2016-04-29,1,490,510
2026352035,2016-04-30,1,573,607
2026352035,2016-05-01,1,527,546
2026352035,2016-05-02,1,511,543
2026352035,2016-05-04,1,538,560
2026352035,2016-05-05,1,468,485
2026352035,2016-05-06,1,524,548
2026352035,2016-05-07,1,511,521
2026352035,2016-05-08,1,541,568
2026352035,2016-05-09,1,531,556
2026352035,2016-05-10,1,357,380
2026352035,2016-05-11,1,523,553
2026352035,2016-05-12,1,456,485
2320127002,2016-04-23,1,61,69
2347167796,2016-04-13,1,467,531
2347167796,2016-04-14,1,445,489
2347167796,2016-04-15,1,452,504
2347167796,2016-04-17,1,556,602
2347167796,2016-04-18,1,500,557
2347167796,2016-04-19,1,465,514
2347167796,2016-04-21,1,460,484
2347167796,2016-04-22,1,405,461
2347167796,2016-04-23,1,374,386
2347167796,2016-04-24,1,442,459
2347167796,2016-04-25,1,433,471
2347167796,2016-04-26,1,436,490
2347167796,2016-04-27,1,448,499
2347167796,2016-04-28,1,408,450
2347167796,2016-04-29,1,411,473
3977333714,2016-04-12,1,274,469
3977333714,2016-04-13,2,295,456
3977333714,2016-04-14,1,291,397
3977333714,2016-04-15,1,424,556
3977333714,2016-04-16,1,283,510
3977333714,2016-04-17,1,381,566
3977333714,2016-04-18,2,412,522
3977333714,2016-04-19,1,219,395
3977333714,2016-04-20,2,152,305
3977333714,2016-04-21,1,332,512
3977333714,2016-04-22,1,355,476
3977333714,2016-04-23,1,235,372
3977333714,2016-04-24,1,310,526
3977333714,2016-04-25,1,262,467
3977333714,2016-04-26,1,250,371
3977333714,2016-04-27,1,349,540
3977333714,2016-04-28,1,261,423
3977333714,2016-04-29,1,333,478
3977333714,2016-04-30,1,237,382
3977333714,2016-05-01,1,383,626
3977333714,2016-05-02,1,230,384
3977333714,2016-05-03,1,292,500
3977333714,2016-05-04,1,213,336
3977333714,2016-05-05,1,318,480
3977333714,2016-05-06,1,323,512
3977333714,2016-05-07,1,237,443
3977333714,2016-05-08,2,259,456
3977333714,2016-05-10,1,312,452
4020332650,2016-04-12,1,501,541
4020332650,2016-04-16,1,77,77
4020332650,2016-05-03,1,322,332
4020332650,2016-05-04,1,478,536
4020332650,2016-05-05,1,226,248
4020332650,2016-05-06,1,385,408
4020332650,2016-05-08,1,364,402
4020332650,2016-05-10,1,442,494
4319703577,2016-04-14,1,535,557
4319703577,2016-04-15,1,465,491
4319703577,2016-04-16,1,506,522
4319703577,2016-04-18,1,515,551
4319703577,2016-04-19,2,461,498
4319703577,2016-04-20,1,523,543
4319703577,2016-04-21,1,59,65
4319703577,2016-04-22,1,533,550
4319703577,2016-04-23,1,692,722
4319703577,2016-04-24,1,467,501
4319703577,2016-04-25,1,488,506
4319703577,2016-04-26,1,505,516
4319703577,2016-04-27,1,286,307
4319703577,2016-04-28,1,497,522
4319703577,2016-04-29,1,523,546
4319703577,2016-04-30,1,490,516
4319703577,2016-05-01,1,484,500
4319703577,2016-05-02,1,478,506
4319703577,2016-05-03,1,474,512
4319703577,2016-05-06,1,450,491
4319703577,2016-05-07,1,507,530
4319703577,2016-05-08,1,602,638
4319703577,2016-05-09,1,535,565
4319703577,2016-05-10,1,487,517
4319703577,2016-05-11,1,529,558
4319703577,2016-05-12,1,302,321
4388161847,2016-04-15,1,499,526
4388161847,2016-04-16,2,426,448
4388161847,2016-04-17,2,619,641
4388161847,2016-04-18,1,99,104
4388161847,2016-04-19,1,329,338
4388161847,2016-04-20,1,421,451
4388161847,2016-04-21,1,442,458
4388161847,2016-04-22,1,82,85
4388161847,2016-04-23,1,478,501
4388161847,2016-04-24,3,552,595
4388161847,2016-04-26,1,319,346
4388161847,2016-04-27,1,439,500
4388161847,2016-04-28,1,428,458
4388161847,2016-04-30,2,409,430
4388161847,2016-05-01,1,547,597
4388161847,2016-05-02,2,368,376
4388161847,2016-05-04,1,390,414
4388161847,2016-05-05,1,471,495
4388161847,2016-05-05,1,471,495
4388161847,2016-05-07,1,472,496
4388161847,2016-05-08,2,529,541
4388161847,2016-05-09,1,62,65
4388161847,2016-05-10,1,354,375
4388161847,2016-05-11,1,469,494
4445114986,2016-04-12,2,429,457
4445114986,2016-04-13,2,370,406
4445114986,2016-04-14,1,441,492
4445114986,2016-04-15,2,337,379
4445114986,2016-04-16,1,462,499
4445114986,2016-04-17,1,98,107
4445114986,2016-04-19,2,388,424
4445114986,2016-04-20,1,439,462
4445114986,2016-04-21,1,436,469
4445114986,2016-04-22,1,388,417
4445114986,2016-04-25,1,328,345
4445114986,2016-04-26,2,353,391
4445114986,2016-04-27,1,332,374
4445114986,2016-04-28,1,419,442
4445114986,2016-04-29,1,106,108
4445114986,2016-04-30,1,322,353
4445114986,2016-05-01,2,439,459
4445114986,2016-05-02,1,502,542
4445114986,2016-05-03,2,417,450
4445114986,2016-05-04,2,337,363
4445114986,2016-05-05,2,462,513
4445114986,2016-05-06,2,374,402
4445114986,2016-05-07,2,401,436
4445114986,2016-05-08,1,361,391
4445114986,2016-05-09,1,457,533
4445114986,2016-05-10,1,405,426
4445114986,2016-05-11,1,499,530
4445114986,2016-05-12,1,483,501
4558609924,2016-04-21,1,126,137
4558609924,2016-04-26,1,103,121
4558609924,2016-04-29,1,171,179
4558609924,2016-05-01,1,115,129
4558609924,2016-05-08,1,123,134
4702921684,2016-04-12,1,425,439
4702921684,2016-04-13,2,400,430
4702921684,2016-04-14,1,384,415
4702921684,2016-04-15,1,253,257
4702921684,2016-04-16,2,382,406
4702921684,2016-04-17,1,591,612
4702921684,2016-04-18,1,293,312
4702921684,2016-04-19,1,457,487
4702921684,2016-04-20,1,454,468
4702921684,2016-04-21,1,425,434
4702921684,2016-04-23,1,465,475
4702921684,2016-04-24,1,480,506
4702921684,2016-04-25,1,370,380
4702921684,2016-04-26,1,421,429
4702921684,2016-04-27,1,432,449
4702921684,2016-04-28,1,442,461
4702921684,2016-04-29,1,433,447
4702921684,2016-04-30,1,479,501
4702921684,2016-05-03,1,327,373
4702921684,2016-05-04,1,412,434
4702921684,2016-05-05,1,414,428
4702921684,2016-05-06,1,404,449
4702921684,2016-05-07,1,520,543
4702921684,2016-05-07,1,520,543
4702921684,2016-05-09,1,435,458
4702921684,2016-05-10,1,416,431
4702921684,2016-05-11,1,354,366
4702921684,2016-05-12,1,404,442
5553957443,2016-04-12,1,441,464
5553957443,2016-04-13,2,455,488
5553957443,2016-04-14,1,357,418
5553957443,2016-04-15,1,377,409
5553957443,2016-04-16,2,651,686
5553957443,2016-04-17,1,350,402
5553957443,2016-04-18,2,520,541
5553957443,2016-04-19,1,357,410
5553957443,2016-04-20,1,658,678
5553957443,2016-04-21,1,399,431
5553957443,2016-04-22,1,322,353
5553957443,2016-04-23,2,631,725
5553957443,2016-04-24,2,553,640
5553957443,2016-04-25,1,433,468
5553957443,2016-04-26,1,412,453
5553957443,2016-04-27,1,347,391
5553957443,2016-04-28,1,421,457
5553957443,2016-04-29,1,450,495
5553957443,2016-04-30,2,775,843
5553957443,2016-05-01,2,622,686
5553957443,2016-05-02,1,409,471
5553957443,2016-05-03,1,380,429
5553957443,2016-05-04,1,447,470
5553957443,2016-05-05,1,419,464
5553957443,2016-05-06,1,400,434
5553957443,2016-05-07,1,442,470
5553957443,2016-05-08,1,568,608
5553957443,2016-05-09,1,453,494
5553957443,2016-05-10,1,418,443
5553957443,2016-05-11,1,463,486
5553957443,2016-05-12,1,438,475
5577150313,2016-04-12,1,419,438
5577150313,2016-04-13,1,432,458
5577150313,2016-04-14,1,477,497
5577150313,2016-04-15,1,392,413
5577150313,2016-04-16,1,406,445
5577150313,2016-04-17,1,549,583
5577150313,2016-04-18,1,527,553
5577150313,2016-04-19,1,449,465
5577150313,2016-04-20,1,447,480
5577150313,2016-04-21,1,414,437
5577150313,2016-04-22,1,338,366
5577150313,2016-04-23,1,384,402
5577150313,2016-04-24,1,543,615
5577150313,2016-04-25,1,421,461
5577150313,2016-04-26,1,354,377
5577150313,2016-04-27,1,424,452
5577150313,2016-04-28,1,361,372
5577150313,2016-04-29,1,459,485
5577150313,2016-04-30,1,412,433
5577150313,2016-05-01,1,379,398
5577150313,2016-05-02,2,525,553
5577150313,2016-05-03,1,508,543
5577150313,2016-05-04,1,603,634
5577150313,2016-05-05,1,74,78
5577150313,2016-05-10,1,504,562
5577150313,2016-05-11,1,431,476
6117666160,2016-04-16,1,380,398
6117666160,2016-04-17,2,336,350
6117666160,2016-04-18,2,493,510
6117666160,2016-04-19,1,465,492
6117666160,2016-04-20,1,474,502
6117666160,2016-04-21,1,508,550
6117666160,2016-04-22,1,480,546
6117666160,2016-04-23,1,492,539
6117666160,2016-04-24,1,353,367
6117666160,2016-04-27,1,542,557
6117666160,2016-04-28,1,393,416
6117666160,2016-04-29,1,600,636
6117666160,2016-05-01,1,507,575
6117666160,2016-05-05,1,392,415
6117666160,2016-05-06,2,658,698
6117666160,2016-05-07,2,498,507
6117666160,2016-05-08,1,555,603
6117666160,2016-05-09,1,492,522
6775888955,2016-04-13,1,235,260
6775888955,2016-04-14,1,423,441
6775888955,2016-04-15,1,391,406
6962181067,2016-04-12,1,366,387
6962181067,2016-04-13,3,630,679
6962181067,2016-04-14,2,508,535
6962181067,2016-04-15,1,370,386
6962181067,2016-04-16,1,357,366
6962181067,2016-04-17,1,427,446
6962181067,2016-04-18,1,442,458
6962181067,2016-04-19,1,476,535
6962181067,2016-04-20,1,418,424
6962181067,2016-04-21,1,451,457
6962181067,2016-04-22,1,425,435
6962181067,2016-04-23,1,528,546
6962181067,2016-04-24,1,511,514
6962181067,2016-04-25,1,400,415
6962181067,2016-04-26,1,441,446
6962181067,2016-04-27,1,455,467
6962181067,2016-04-28,1,440,453
6962181067,2016-04-29,1,433,447
6962181067,2016-04-30,1,422,424
6962181067,2016-05-01,1,411,426
6962181067,2016-05-02,1,466,482
6962181067,2016-05-03,1,394,418
6962181067,2016-05-04,1,442,455
6962181067,2016-05-05,1,467,491
6962181067,2016-05-06,1,443,462
6962181067,2016-05-07,1,298,334
6962181067,2016-05-08,1,541,569
6962181067,2016-05-09,1,489,497
6962181067,2016-05-10,1,469,481
6962181067,2016-05-11,1,452,480
6962181067,2016-05-12,1,516,535
7007744171,2016-04-16,1,79,82
7007744171,2016-05-01,1,58,61
7086361926,2016-04-12,1,514,525
7086361926,2016-04-13,1,451,465
7086361926,2016-04-14,1,472,476
7086361926,2016-04-15,1,377,386
7086361926,2016-04-19,1,472,483
7086361926,2016-04-20,1,492,502
7086361926,2016-04-21,1,390,411
7086361926,2016-04-22,1,428,448
7086361926,2016-04-24,1,681,704
7086361926,2016-04-25,1,446,447
7086361926,2016-04-26,1,485,500
7086361926,2016-04-27,1,469,479
7086361926,2016-04-28,1,354,367
7086361926,2016-04-30,1,485,489
7086361926,2016-05-01,1,388,407
7086361926,2016-05-02,1,440,459
7086361926,2016-05-03,1,456,461
7086361926,2016-05-04,1,420,436
7086361926,2016-05-06,1,322,333
7086361926,2016-05-07,1,530,548
7086361926,2016-05-08,1,481,510
7086361926,2016-05-09,1,427,438
7086361926,2016-05-11,1,451,463
7086361926,2016-05-12,1,444,457
8053475328,2016-04-20,1,486,493
8053475328,2016-04-23,1,331,337
8053475328,2016-05-07,1,74,75
8378563200,2016-04-12,1,338,356
8378563200,2016-04-13,2,447,487
8378563200,2016-04-14,1,424,455
8378563200,2016-04-15,1,513,533
8378563200,2016-04-16,2,611,689
8378563200,2016-04-17,2,525,591
8378563200,2016-04-18,1,398,451
8378563200,2016-04-19,1,387,421
8378563200,2016-04-20,1,381,409
8378563200,2016-04-21,1,396,417
8378563200,2016-04-22,1,441,469
8378563200,2016-04-23,1,565,591
8378563200,2016-04-24,1,458,492
8378563200,2016-04-25,1,388,402
8378563200,2016-04-25,1,388,402
8378563200,2016-04-26,1,550,584
8378563200,2016-04-27,1,531,600
8378563200,2016-04-28,1,506,556
8378563200,2016-04-29,1,527,562
8378563200,2016-04-30,1,468,555
8378563200,2016-05-01,1,475,539
8378563200,2016-05-02,1,351,385
8378563200,2016-05-03,1,405,429
8378563200,2016-05-04,1,441,477
8378563200,2016-05-05,1,381,417
8378563200,2016-05-06,1,323,355
8378563200,2016-05-07,2,459,513
8378563200,2016-05-08,1,545,606
8378563200,2016-05-09,1,359,399
8378563200,2016-05-10,1,342,391
8378563200,2016-05-11,1,368,387
8378563200,2016-05-12,1,496,546
8792009665,2016-04-12,1,458,493
8792009665,2016-04-13,1,531,552
8792009665,2016-04-14,1,486,503
8792009665,2016-04-15,1,363,377
8792009665,2016-04-20,1,528,547
8792009665,2016-04-22,1,391,407
8792009665,2016-04-23,1,339,360
8792009665,2016-04-27,1,423,428
8792009665,2016-04-28,1,402,416
8792009665,2016-04-29,1,398,406
8792009665,2016-04-30,1,343,360
8792009665,2016-05-01,1,503,527
8792009665,2016-05-02,1,415,423
8792009665,2016-05-03,1,516,545
8792009665,2016-05-04,1,439,463
